,db1,db2,total_compares,matching_compares,compare_rate,db1_more_len,db2_more_len,db1_more,db2_more
0,database-human-1,database-heuristic-bacnet-1,39,30,76.92307692307692,3,6,"['CVE-2018-10238', 'CVE-2019-13939', 'CVE-2022-38371']","['CVE-2016-4494', 'CVE-2016-4495', 'CVE-2018-7277', 'CVE-2018-7278', 'CVE-2020-7233', 'CVE-2022-37122']"
1,database-human-1,database-heuristic-bacnet-2,39,30,76.92307692307692,3,6,"['CVE-2018-10238', 'CVE-2019-13939', 'CVE-2022-38371']","['CVE-2016-4494', 'CVE-2016-4495', 'CVE-2018-7277', 'CVE-2018-7278', 'CVE-2020-7233', 'CVE-2022-37122']"
2,database-human-1,database-heuristic-bacnet-3,39,30,76.92307692307692,3,6,"['CVE-2018-10238', 'CVE-2019-13939', 'CVE-2022-38371']","['CVE-2016-4494', 'CVE-2016-4495', 'CVE-2018-7277', 'CVE-2018-7278', 'CVE-2020-7233', 'CVE-2022-37122']"
3,database-human-1,database-heuristic-bacnet-4,39,30,76.92307692307692,3,6,"['CVE-2018-10238', 'CVE-2019-13939', 'CVE-2022-38371']","['CVE-2016-4494', 'CVE-2016-4495', 'CVE-2018-7277', 'CVE-2018-7278', 'CVE-2020-7233', 'CVE-2022-37122']"
4,database-human-1,database-heuristic-bacnet-5,39,30,76.92307692307692,3,6,"['CVE-2018-10238', 'CVE-2019-13939', 'CVE-2022-38371']","['CVE-2016-4494', 'CVE-2016-4495', 'CVE-2018-7277', 'CVE-2018-7278', 'CVE-2020-7233', 'CVE-2022-37122']"
5,database-human-1,database-heuristic-bacnet-6,39,30,76.92307692307692,3,6,"['CVE-2018-10238', 'CVE-2019-13939', 'CVE-2022-38371']","['CVE-2016-4494', 'CVE-2016-4495', 'CVE-2018-7277', 'CVE-2018-7278', 'CVE-2020-7233', 'CVE-2022-37122']"
